{
  "timestamp": "2026-03-04 21:43:50",
  "tests": {
    "qmd_standalone": {
      "memory 92551_u5n4lbl0": {
        "mean": 606.100806593895,
        "median": 618.1708429940045,
        "stdev": 24.98333895113382,
        "min": 578.617723978823,
        "max": 631.9476930075325,
        "iterations": 5
      },
      "tts voice 92551_p3tvi45q": {
        "mean": 585.6038258003537,
        "median": 560.5511979956646,
        "stdev": 38.417353395200536,
        "min": 554.648271005135,
        "max": 631.7050220095553,
        "iterations": 5
      },
      "workflow automation 92551_eae3vvxj": {
        "mean": 588.1332360091619,
        "median": 597.7161390183028,
        "stdev": 22.228701300061324,
        "min": 557.8950770141091,
        "max": 611.2560990150087,
        "iterations": 5
      },
      "cognitive architecture 92551_sxg1984c": {
        "mean": 560.6972612033132,
        "median": 557.8653189877514,
        "stdev": 10.770883753102737,
        "min": 545.8873790048528,
        "max": 572.2630160162225,
        "iterations": 5
      },
      "puppeteer stealth 92551_3e9sxdqw": {
        "mean": 574.5626671938226,
        "median": 559.0397960040718,
        "stdev": 29.12377783179372,
        "min": 554.1103899886366,
        "max": 622.1566759923007,
        "iterations": 5
      },
      "docker container 92551_d4v8kls4": {
        "mean": 575.318547396455,
        "median": 557.8322139917873,
        "stdev": 36.48834449202,
        "min": 551.21828999836,
        "max": 639.3663569760974,
        "iterations": 5
      },
      "youtube transcript 92551_pz2bjlqn": {
        "mean": 577.6619162003044,
        "median": 575.5879950011149,
        "stdev": 31.50872502890203,
        "min": 547.9730110091623,
        "max": 628.8292369863484,
        "iterations": 5
      },
      "pdf extraction 92551_n8qvcdf7": {
        "mean": 572.6630033983383,
        "median": 574.3241719901562,
        "stdev": 14.091210210761753,
        "min": 553.7825729988981,
        "max": 592.8703639947344,
        "iterations": 5
      },
      "ollama model 92551_5t5rwiqp": {
        "mean": 604.8909000004642,
        "median": 624.555718008196,
        "stdev": 36.652524979547806,
        "min": 563.2438359898515,
        "max": 641.6610330052208,
        "iterations": 5
      },
      "weather cron 92551_85t121e9": {
        "mean": 578.3718740043696,
        "median": 579.3773590121418,
        "stdev": 27.94395621845971,
        "min": 551.6588940226939,
        "max": 622.0070910057984,
        "iterations": 5
      }
    },
    "unified_search": {
      "memory 92551_u5n4lbl0": {
        "mean": 578.2806596020237,
        "median": 576.9323999993503,
        "stdev": 25.4551459665802,
        "min": 555.0110910262447,
        "max": 618.4151920024306,
        "iterations": 5
      },
      "tts voice 92551_p3tvi45q": {
        "mean": 599.9032446008641,
        "median": 605.8649310143664,
        "stdev": 36.5187366686691,
        "min": 554.9657870142255,
        "max": 634.9801019823644,
        "iterations": 5
      },
      "workflow automation 92551_eae3vvxj": {
        "mean": 583.8890261948109,
        "median": 575.3021900018211,
        "stdev": 37.76481963458131,
        "min": 541.6278530028649,
        "max": 640.4120859806426,
        "iterations": 5
      },
      "cognitive architecture 92551_sxg1984c": {
        "mean": 568.5463780013379,
        "median": 569.4282799959183,
        "stdev": 26.17553476991755,
        "min": 530.2299360046163,
        "max": 604.1112059901934,
        "iterations": 5
      },
      "puppeteer stealth 92551_3e9sxdqw": {
        "mean": 571.292340796208,
        "median": 552.8387959930114,
        "stdev": 48.572904421867534,
        "min": 529.9454980122391,
        "max": 654.3184090114664,
        "iterations": 5
      },
      "docker container 92551_d4v8kls4": {
        "mean": 582.0802726026159,
        "median": 581.5208840067498,
        "stdev": 19.1088501656496,
        "min": 559.7915190155618,
        "max": 610.4008969850838,
        "iterations": 5
      },
      "youtube transcript 92551_pz2bjlqn": {
        "mean": 620.8616107993294,
        "median": 628.7772079813294,
        "stdev": 21.354339814631647,
        "min": 586.2470660067629,
        "max": 640.2231389947701,
        "iterations": 5
      },
      "pdf extraction 92551_n8qvcdf7": {
        "mean": 592.2149545920547,
        "median": 584.5686249958817,
        "stdev": 27.273305476071044,
        "min": 563.8786850031465,
        "max": 634.4772579905111,
        "iterations": 5
      },
      "ollama model 92551_5t5rwiqp": {
        "mean": 555.7453400047962,
        "median": 542.7778279990889,
        "stdev": 41.278942900569405,
        "min": 526.5733170090243,
        "max": 628.2556960068177,
        "iterations": 5
      },
      "weather cron 92551_85t121e9": {
        "mean": 588.6495127982926,
        "median": 607.7858519856818,
        "stdev": 43.71479052247557,
        "min": 538.7486319814343,
        "max": 637.8985030169133,
        "iterations": 5
      }
    },
    "activation": {
      "mean": 0
    },
    "pagerank": {
      "mean": 0.12918279971927404,
      "median": 0.11109799379482865,
      "stdev": 0.040688836661113566,
      "min": 0.10435699368827045,
      "max": 0.20058901282027364,
      "iterations": 5
    },
    "tag_graph": {
      "mean": 2.5959421938750893,
      "median": 2.501998998923227,
      "stdev": 0.24630760787284003,
      "min": 2.444407989969477,
      "max": 3.03323200205341,
      "iterations": 5
    },
    "cache_cold": {
      "mean": 560.5193113345498,
      "median": 557.9073120024987,
      "stdev": 7.103672750735362,
      "min": 555.0914219929837,
      "max": 568.559200008167,
      "iterations": 3
    },
    "cache_warm": {
      "mean": 3.087538992986083,
      "median": 3.093754989095032,
      "stdev": 0.024400220982929485,
      "min": 3.060632006963715,
      "max": 3.108229982899502,
      "iterations": 3
    },
    "recall": {
      "correct": 6,
      "total": 6,
      "accuracy": 100.0
    }
  },
  "scores": {
    "speed": 4,
    "cache": 5,
    "components": 5,
    "recall": 10,
    "overhead": 4,
    "consistency": 4
  },
  "breakdown": {},
  "total_score": 32,
  "max_score": 40,
  "grade": "A"
}