{
  "timestamp": "2026-03-04 19:38:54",
  "tests": {
    "qmd_standalone": {
      "memory 42673_a0a78xnm": {
        "mean": 572.6658175990451,
        "median": 565.6667040020693,
        "stdev": 40.06836583528334,
        "min": 528.947379993042,
        "max": 616.477224015398,
        "iterations": 5
      },
      "tts voice 42673_8e6yvedj": {
        "mean": 555.0451560004149,
        "median": 542.6173509913497,
        "stdev": 31.811142134733206,
        "min": 538.3368360053282,
        "max": 611.795117991278,
        "iterations": 5
      },
      "workflow automation 42673_r7eql8ub": {
        "mean": 551.4903783914633,
        "median": 537.3157970025204,
        "stdev": 34.60164334040266,
        "min": 529.9328239925671,
        "max": 612.3117249808274,
        "iterations": 5
      },
      "cognitive architecture 42673_44xhw13h": {
        "mean": 574.4471943937242,
        "median": 551.6197559772991,
        "stdev": 46.61601941821699,
        "min": 528.9515129989013,
        "max": 632.9909889900591,
        "iterations": 5
      },
      "puppeteer stealth 42673_5jfcl8bo": {
        "mean": 574.4473900063895,
        "median": 557.0504320203327,
        "stdev": 46.65374190442515,
        "min": 527.2935420216527,
        "max": 641.001221985789,
        "iterations": 5
      },
      "docker container 42673_3pv7y8vq": {
        "mean": 557.6546383963432,
        "median": 536.5389619837515,
        "stdev": 46.97395644784627,
        "min": 532.727421988966,
        "max": 641.4595289970748,
        "iterations": 5
      },
      "youtube transcript 42673_hntpxtzd": {
        "mean": 563.1154919974506,
        "median": 539.4616590056103,
        "stdev": 46.4011752046656,
        "min": 534.7043130022939,
        "max": 643.4973849973176,
        "iterations": 5
      },
      "pdf extraction 42673_864gw07m": {
        "mean": 576.0153835988604,
        "median": 563.5070670105051,
        "stdev": 46.66249483504621,
        "min": 526.9884890003596,
        "max": 634.5959189929999,
        "iterations": 5
      },
      "ollama model 42673_4frbzpjd": {
        "mean": 583.5198604036123,
        "median": 557.2232970152982,
        "stdev": 56.871560718301076,
        "min": 522.0721560181119,
        "max": 644.510646990966,
        "iterations": 5
      },
      "weather cron 42673_epvraobf": {
        "mean": 596.4167568017729,
        "median": 617.5025650009047,
        "stdev": 38.57217333805866,
        "min": 533.7338810204528,
        "max": 624.82794499374,
        "iterations": 5
      }
    },
    "unified_search": {
      "memory 42673_a0a78xnm": {
        "mean": 580.257319600787,
        "median": 597.6446009881329,
        "stdev": 46.20153642999906,
        "min": 527.3246889992151,
        "max": 633.3518770115916,
        "iterations": 5
      },
      "tts voice 42673_8e6yvedj": {
        "mean": 550.1979613967706,
        "median": 534.8643419856671,
        "stdev": 37.94227266860209,
        "min": 523.4649909834843,
        "max": 615.7829620060511,
        "iterations": 5
      },
      "workflow automation 42673_r7eql8ub": {
        "mean": 574.0829641930759,
        "median": 553.8610059884377,
        "stdev": 45.30788638373615,
        "min": 532.3347660014406,
        "max": 636.5607909974642,
        "iterations": 5
      },
      "cognitive architecture 42673_44xhw13h": {
        "mean": 555.1606421999168,
        "median": 535.061692004092,
        "stdev": 32.48390434553088,
        "min": 530.4087910044473,
        "max": 605.3278830077033,
        "iterations": 5
      },
      "puppeteer stealth 42673_5jfcl8bo": {
        "mean": 550.7305617968086,
        "median": 539.5824809966143,
        "stdev": 29.2255690239515,
        "min": 530.9258159832098,
        "max": 602.3987439984921,
        "iterations": 5
      },
      "docker container 42673_3pv7y8vq": {
        "mean": 532.6500444032717,
        "median": 532.9478640051093,
        "stdev": 5.319590616628017,
        "min": 526.365886995336,
        "max": 540.7430939958431,
        "iterations": 5
      },
      "youtube transcript 42673_hntpxtzd": {
        "mean": 547.0950671937317,
        "median": 532.3837219912093,
        "stdev": 34.488359593701496,
        "min": 525.0145900063217,
        "max": 607.413033983903,
        "iterations": 5
      },
      "pdf extraction 42673_864gw07m": {
        "mean": 564.5177659986075,
        "median": 550.7048480212688,
        "stdev": 34.25199734393058,
        "min": 532.3057160130702,
        "max": 602.1603829867672,
        "iterations": 5
      },
      "ollama model 42673_4frbzpjd": {
        "mean": 555.8347830025014,
        "median": 536.7860800179187,
        "stdev": 39.41492213306803,
        "min": 530.0838040129747,
        "max": 624.6142390009481,
        "iterations": 5
      },
      "weather cron 42673_epvraobf": {
        "mean": 546.1948526091874,
        "median": 545.1442090270575,
        "stdev": 26.84338982121283,
        "min": 522.5152810162399,
        "max": 589.1884510056116,
        "iterations": 5
      }
    },
    "activation": {
      "mean": 0
    },
    "pagerank": {
      "mean": 0.1882169977761805,
      "median": 0.16120399232022464,
      "stdev": 0.05783159112614853,
      "min": 0.15102699398994446,
      "max": 0.28850999660789967,
      "iterations": 5
    },
    "tag_graph": {
      "mean": 3.7555650051217526,
      "median": 3.6351669987197965,
      "stdev": 0.3267364840375447,
      "min": 3.550346998963505,
      "max": 4.335628997068852,
      "iterations": 5
    },
    "cache_cold": {
      "mean": 540.5150136599938,
      "median": 544.7438039991539,
      "stdev": 10.207343389387137,
      "min": 528.8728769810405,
      "max": 547.9283599997871,
      "iterations": 3
    },
    "cache_warm": {
      "mean": 1.2776099902112037,
      "median": 1.2896920088678598,
      "stdev": 0.04809594950485508,
      "min": 1.2246249825693667,
      "max": 1.3185129791963845,
      "iterations": 3
    },
    "recall": {
      "correct": 6,
      "total": 6,
      "accuracy": 100.0
    }
  },
  "scores": {
    "speed": 4,
    "cache": 5,
    "components": 5,
    "recall": 10,
    "overhead": 5,
    "consistency": 3
  },
  "breakdown": {},
  "total_score": 32,
  "max_score": 40,
  "grade": "A"
}